{"cameraMode":{"drawMode":0,"name":"Shaded","section":"Shading Mode"},"sceneLighting":true,"audioPlay":false,"sceneViewState":{"showFog":true,"showMaterialUpdate":false,"showSkybox":true,"showFlares":true,"showImageEffects":true,"showParticleSystems":true},"in2DMode":false,"pivot":{"x":-1.1492054462432862,"y":-8.044931411743164,"z":1.960871696472168},"rotation":{"x":0.004193585366010666,"y":-0.8827763199806213,"z":0.47075745463371279,"w":0.00659141642972827},"size":14.286110877990723,"orthographic":false}